{
  "total_samples": 200,
  "compiled_successfully": 172,
  "correct_state_count": 11,
  "correct_samples": [
    36,
    46,
    61,
    93,
    98,
    104,
    116,
    120,
    162,
    179,
    186
  ],
  "relative_entropy_threshold": 0.1,
  "samples_below_entropy_threshold": {
    "count": 37,
    "sample_indexes": [
      3,
      4,
      10,
      12,
      13,
      24,
      35,
      38,
      40,
      41,
      43,
      47,
      53,
      66,
      76,
      86,
      87,
      95,
      106,
      112,
      123,
      124,
      132,
      141,
      144,
      146,
      151,
      155,
      161,
      163,
      175,
      178,
      180,
      181,
      188,
      190,
      192
    ]
  },
  "average_relative_entropy": 6.7805937356285675,
  "median_relative_entropy": 3.2010793261962274,
  "std_relative_entropy": 8.007171859853667,
  "average_random_initial_relative_entropy": 9.6231284598508,
  "average_relative_entropy_ratio": 0.7046142804721216,
  "average_expectation_value": -3.3372662709979606,
  "median_expectation_value": -1.0441106035786563,
  "std_expectation_value": 9.885929392015916,
  "average_solution_expectation_value": -3.867173886711846,
  "average_random_expectation_value": 0.012672128925296032,
  "success_rate_expectation_value": 19.5
}