{
  "total_samples": 200,
  "compiled_successfully": 150,
  "correct_state_count": 7,
  "correct_samples": [
    6,
    11,
    19,
    28,
    43,
    54,
    93
  ],
  "relative_entropy_threshold": 0.1,
  "samples_below_entropy_threshold": {
    "count": 22,
    "sample_indexes": [
      11,
      12,
      26,
      42,
      46,
      57,
      66,
      68,
      86,
      93,
      103,
      105,
      116,
      139,
      141,
      151,
      155,
      160,
      180,
      182,
      188,
      192
    ]
  },
  "average_relative_entropy": 18.122864202897816,
  "median_relative_entropy": 8.983608096575988,
  "std_relative_entropy": 22.88493325704358,
  "average_random_initial_relative_entropy": 20.2135370190672,
  "average_relative_entropy_ratio": 0.8965706588511809,
  "average_expectation_value": 2.936936286949967,
  "median_expectation_value": -3.926980268742497e-16,
  "std_expectation_value": 21.784133919160293,
  "average_solution_expectation_value": -3.822027070247097,
  "average_random_expectation_value": 0.15050788533753104,
  "success_rate_expectation_value": 12.0
}