{
  "total_samples": 200,
  "compiled_successfully": 177,
  "correct_state_count": 13,
  "correct_samples": [
    36,
    46,
    54,
    56,
    61,
    93,
    98,
    104,
    116,
    120,
    162,
    179,
    186
  ],
  "relative_entropy_threshold": 0.1,
  "samples_below_entropy_threshold": {
    "count": 27,
    "sample_indexes": [
      1,
      2,
      3,
      4,
      7,
      10,
      16,
      36,
      38,
      41,
      43,
      78,
      85,
      86,
      93,
      95,
      103,
      106,
      123,
      153,
      158,
      160,
      161,
      175,
      178,
      181,
      190
    ]
  },
  "average_relative_entropy": 15.163960555025398,
  "median_relative_entropy": 5.09349710934095,
  "std_relative_entropy": 23.391416906476213,
  "average_random_initial_relative_entropy": 22.081414589290745,
  "average_relative_entropy_ratio": 0.6867295794708623,
  "average_expectation_value": -4.069003343957757,
  "median_expectation_value": -1.0022521892465408,
  "std_expectation_value": 8.555462507815768,
  "average_solution_expectation_value": -4.795639251533141,
  "average_random_expectation_value": 0.005977680743153371,
  "success_rate_expectation_value": 18.5
}