{
  "abs_energy_diff": {
    "mean": 0.6610766159104036,
    "median": 0.0625000000000001,
    "n": 552,
    "p25": 0.01699999999999993,
    "p75": 0.453124999999999,
    "std": 2.0142838498069615
  },
  "abs_gap_diff": {
    "mean": 0.6610766159104036,
    "median": 0.06250000000000022,
    "n": 552,
    "p25": 0.017000000000002125,
    "p75": 0.45312499999999156,
    "std": 2.0142838498069615
  },
  "abs_sol_p_diff": {
    "mean": 0.014177536231884058,
    "median": 0.0010000000000000009,
    "n": 552,
    "p25": 0.0005,
    "p75": 0.0035000000000000014,
    "std": 0.05233127067163167
  },
  "by_mode": {
    "noisy": {
      "delta_depth_q_minus_ref": {
        "mean": -80.07118055555556,
        "median": 0.0,
        "n": 576,
        "p25": -118.25,
        "p75": 109.0,
        "std": 743.9576987525652
      },
      "delta_energy_q_minus_ref": {
        "mean": 0.3339181341496408,
        "median": 0.0034484504132231606,
        "n": 552,
        "p25": -0.04826249999999996,
        "p75": 0.08393750000000069,
        "std": 2.0936693104560913
      },
      "delta_sol_p_q_minus_ref": {
        "mean": -0.006643115942028985,
        "median": 0.0,
        "n": 552,
        "p25": -0.0015,
        "p75": 0.001,
        "std": 0.05381187729155809
      },
      "delta_twoq_q_minus_ref": {
        "mean": -37.142361111111114,
        "median": 0.0,
        "n": 576,
        "p25": -54.0,
        "p75": 48.5,
        "std": 332.2612704965486
      },
      "n_instances": 576
    }
  },
  "delta_depth_q_minus_ref": {
    "mean": -80.07118055555556,
    "median": 0.0,
    "n": 576,
    "p25": -118.25,
    "p75": 109.0,
    "std": 743.9576987525652
  },
  "delta_energy_q_minus_ref": {
    "mean": 0.3339181341496408,
    "median": 0.0034484504132231606,
    "n": 552,
    "p25": -0.04826249999999996,
    "p75": 0.08393750000000069,
    "std": 2.0936693104560913
  },
  "delta_sol_p_q_minus_ref": {
    "mean": -0.006643115942028985,
    "median": 0.0,
    "n": 552,
    "p25": -0.0015,
    "p75": 0.001,
    "std": 0.05381187729155809
  },
  "delta_twoq_q_minus_ref": {
    "mean": -37.142361111111114,
    "median": 0.0,
    "n": 576,
    "p25": -54.0,
    "p75": 48.5,
    "std": 332.2612704965486
  },
  "n_instances": 576,
  "unique_backends": [
    "FakeKyoto"
  ],
  "unique_sim_modes": [
    "noisy"
  ],
  "wins": {
    "depth_quasar_better_frac": 0.484375,
    "energy_quasar_better_frac": 0.447463768115942,
    "sol_p_quasar_better_frac": 0.3822463768115942,
    "twoq_quasar_better_frac": 0.3854166666666667
  }
}